	22RV1_PROSTATE	2313287_STOMACH	253J_URINARY_TRACT	253JBV_URINARY_TRACT	42MGBA_CENTRAL_NERVOUS_SYSTEM	5637_URINARY_TRACT	639V_URINARY_TRACT	647V_URINARY_TRACT
ML162	0.21672556019311923	0.40813747843375703	0.21061489218476043	0.09925420627021951	0.0	0.004442323783359382	0.8762659326043181	0.030362793871882236
ML210	0.11402988976090242	0.45974219809925515	0.10657745371971966	1.0	1.2213060090333286e-06	0.0	0.5765782424687744	0.23571058926418748
erastin	0.9450196774821921	0.9782179828472762	0.6236557860907249	0.3638026183621731	0.9752866460200151	0.0	0.846103783542817	0.14731041998938252
1S,3R-RSL-3	0.10682514577046795	0.2809172433615152	0.03763488105502486	0.7246155228918211	0.0	0.021361693117651716	0.5433585294325618	0.06741531510837083
PLX-4720	0.15028153747439263	0.3887410418704493	0.32555886392520983	0.17596082199026689	0.24229553839003248	0.0	0.9833213140688578	0.9441038690681344
RITA	0.027827268049244677	0.8600816952933104	0.3074522722421144	0.3648722512090062	0.4129919700466396	0.017051476281712667	1.0	0.0
ouabain	0.0	0.0	0.0	0.0	0.01050890603306873	0.0	0.0	0.0
