	CL0	CL1	CL2	CL3	CL4	CL5	CL6	CL7	CL8	CL9	CL10	CL11	CL12	CL13	CL14	CL15
C0	0.026014626376564213	0.06909136255102886			0.0	0.0	0.8753375941868828	0.0	0.0	0.0	0.0	0.0	0.006066842278194423	0.016995463526158595	0.0	0.0
C1	0.006325385714917377	0.16984884034285017	0.0028326420546776108	1.0	0.0	-0.0	0.31532291081741565	0.032225297541617126	2.463557496699321e-09	0.0	0.0	0.0	0.0005248613528924003	0.01575785410859335	3.902379880832088e-06	0.0
C2	0.9279732673654285	0.8894041698429229	0.7640406045723591		0.9508788388544571	0.08569833544078141	0.8189798689834599	0.6047206916294019	0.7416698742256518	0.8913209305517956	0.0	0.04418296932390028	0.9871580941235331	1.0	0.004963856977698579	0.40971801065772995
C3	0.0027493772229364847	0.01633605861191583	0.0	0.6142393849078239	-0.0	0.0	0.3589300709808318	1.0504848551443375e-06	0.0	-0.0	-0.0	-0.0	4.4954158257914046e-08	0.0020969380109621765	0.0	-0.0
C4	0.768195572943681	0.863041616685212	0.8654653332014854		0.7934224588106318	0.5367178956588812	0.9829702107022935	0.9990826363531059	0.9074860159810925	0.8554994126834241	0.02853332938596118	0.0	0.9161422902503851	0.5154691929912657	0.9967353357299306	0.10753519951323971
C5	0.96383399769286	1.0		0.23213675801542147	1.0	0.7093183898086627	1.0	0.9895645945785649	0.47535184761414345	0.7361236196711942	1.0	1.0	0.7885216500191626	0.99114051919821	-0.0	0.9249291002044466
C6	0.0	0.0	-0.0	-0.0	0.0006340680480042045	-0.0	0.0	-0.0	0.05246185911305274	0.0005431714152639247	-0.0	9.178086482687849e-05	0.0	-0.0	0.0	-0.0
