	CL0	CL1	CL2	CL3	CL4	CL5	CL6	CL7
C0	0.2121110702245794	0.4002268442661965			0.0	0.00507732039008516	0.876265932604318	0.031564496754066855
C1	0.11402988976090239	0.45974219809925504	0.08691537620305081	1.0	1.2213060090333281e-06	0.0	0.5765782424687744	0.23571058926418745
C2	0.9461862535760028	0.9787054530225135	0.6035836658393519		0.9752866460200151	0.0	0.8461576748986722	0.14988813639262338
C3	0.10682514577046795	0.2809172433615152	0.019633021722134263	0.892566864792892	0.0	0.021361693117651716	0.5433585294325617	0.06741531510837083
C4	0.1492369666335659	0.3865594847012377	0.323572404824576		0.24070154796941723	0.0	0.9833213140688578	0.9436203172764525
C5	0.02756578756077403	0.8583752239574769		0.4471190958036237	0.4094729593267648	0.01692411915619646	1.0	0.0
C6	0.0	0.0	0.0	0.0	0.01050890603306873	0.0	0.0	0.0
