	22RV1_PROSTATE	2313287_STOMACH	253J_URINARY_TRACT	253JBV_URINARY_TRACT	42MGBA_CENTRAL_NERVOUS_SYSTEM	5637_URINARY_TRACT	639V_URINARY_TRACT	647V_URINARY_TRACT
ML162	0.2121110702245794	0.4002268442661965			0.0	0.00507732039008516	0.8762659326043181	0.031564496754066855
ML210	0.11402988976090242	0.45974219809925515	0.08691537620305083	1.0	1.2213060090333286e-06	0.0	0.5765782424687744	0.23571058926418748
erastin	0.9461862535760028	0.9787054530225135	0.6035836658393519		0.9752866460200151	0.0	0.8461576748986723	0.14988813639262338
1S,3R-RSL-3	0.10682514577046795	0.2809172433615152	0.019633021722134263	0.892566864792892	0.0	0.021361693117651716	0.5433585294325618	0.06741531510837083
PLX-4720	0.1492369666335659	0.3865594847012377	0.323572404824576		0.24070154796941723	0.0	0.9833213140688578	0.9436203172764525
RITA	0.02756578756077403	0.8583752239574769		0.4471190958036237	0.4094729593267648	0.01692411915619646	1.0	0.0
ouabain	0.0	0.0	0.0	0.0	0.01050890603306873	0.0	0.0	0.0
