Feature	Negative Context Summary	Positive Context Summary
ML162	0.0	78.52687427825481
ML210	-127.62368634033507	0.0
erastin	-103.64483735960604	0.0
1S,3R-RSL-3	0.0	77.46825236587901
PLX-4720	-15.579257893928121	7.914152782995427
RITA	-159.68809899460837	0.0
ouabain	0.0	112.98706027427406
