	N	Location	Scale	Degree of Freedom	Shape
ML162	620.0	-1.9465308194912028	1.2140539676772069	650.4364985586551	0.6856144122491608
ML210	608.0	0.6794668361043419	2.1629808980876426	97698.18714453903	-3.52387462688693
erastin	626.0	0.8298851193040754	1.2750537563935869	59.930883953665145	-3.7396340906598606
1S,3R-RSL-3	629.0	-2.5858271305616216	1.412356695788418	12247.298265253708	0.7105249088870664
PLX-4720	619.0	0.6188606627515701	0.23040742410246623	1.7677145452741496	-0.005657830418260868
RITA	611.0	0.8715136898374908	0.8037419453874795	2.477409130533997	-2.8665145069638296
ouabain	626.0	-4.025341072395298	1.3850412511714778	7.972756755204879	2.445320428627788
