	N	Location	Scale	Degree of Freedom	Shape
C0	620.0	-1.9338267723235842	1.209890472073978	7591971.090373017	0.6673638607487704
C1	608.0	0.6802816906296496	2.162853487702976	7003281.054094121	-3.5279301756635553
C2	626.0	0.8298851747293866	1.2750537960661705	59.93076008591008	-3.7396352017639813
C3	629.0	-2.5856649763523922	1.4123898089534523	4809861.129460941	0.7102583708369208
C4	619.0	0.6188548372507059	0.23040658531338487	1.7677084095398041	-0.00565870000238274
C5	611.0	0.8715122236371557	0.8037379106935449	2.477366388625164	-2.8664952091635656
C6	626.0	-4.02639174233406	1.3865566712484365	8.000119267597071	2.4522972615305676
