	ML162	ML210	erastin	1S,3R-RSL-3	PLX-4720	RITA	ouabain
22RV1_PROSTATE	-0.923005456276667	-0.6997250635438326	-0.003960820143911718	-1.5977941595242557	0.0	-0.12615047961808823	-3.665265659651678
2313287_STOMACH	-0.06810510304986599	0.0	-0.0	-0.27683405710820436	0.0	0.0	-3.499268127874677
253J_URINARY_TRACT	-0.0013682510741060804	-0.0	0.0	-0.1918527387545312	0.0	-0.0013682510741060804	-3.209769128693652
253JBV_URINARY_TRACT	3.340633110320745	7.091761243934096	3.340633110320745	5.1388002819972565	3.340633110320745	5.113246775398794	0.0
42MGBA_CENTRAL_NERVOUS_SYSTEM	0.11858874892732163	0.13006365185426477	3.479420422622943	-0.0	3.4046916051864233	3.567587474740772	0.03791373787967644
5637_URINARY_TRACT	-1.746653939892838	-2.0668149929147677	-0.33679266668719415	-1.9374753330231336	0.0	-0.02052235022957198	-3.3657001010419965
639V_URINARY_TRACT	-0.47572926948983085	-0.09929075922297602	-0.582613391502111	-1.0743107047342264	-0.0641257435488576	0.0	-3.844771933088757
647V_URINARY_TRACT	-0.09445520390778786	0.0	-0.0	-0.17522782183669264	0.0	0.0	-3.35781704188091
